{"Course 1":{"Stars":[{"exists":true},{"exists":true},{"exists":true},{"exists":true},{"exists":true},{"exists":true},{"exists":true}]},"Course 2":{"Stars":[{"exists":true},{"exists":true},{"exists":true},{"exists":true},{"exists":true,"StarRequirement":"0","Requirements":["Wing Cap"],"ConditionalRequirements":[]},{"exists":true,"StarRequirement":"0","Requirements":["Wing Cap"],"ConditionalRequirements":[]},{"exists":true}]},"Course 3":{"Stars":[{"exists":true},{"exists":true},{"exists":true},{"exists":true},{"exists":true},{"exists":true},{"exists":true}],"StarRequirement":"5","Requirements":[],"ConditionalRequirements":[]},"Course 4":{"Stars":[{"exists":true},{"exists":true},{"exists":true},{"exists":true},{"exists":true},{"exists":true},{"exists":true}],"StarRequirement":"5","Requirements":[],"ConditionalRequirements":[]},"Course 5":{"Stars":[{"exists":true},{"exists":true},{"exists":true},{"exists":true},{"exists":true},{"exists":true},{"exists":true}],"StarRequirement":"4","Requirements":[],"ConditionalRequirements":[]},"Course 6":{"Stars":[{"exists":true},{"exists":true},{"exists":true},{"exists":true},{"exists":true},{"exists":true},{"exists":true}],"StarRequirement":"0","Requirements":["Key 1"],"ConditionalRequirements":[]},"Course 7":{"Stars":[{"exists":true},{"exists":true},{"exists":true},{"exists":true},{"exists":true},{"exists":true},{"exists":true}],"StarRequirement":"20","Requirements":["Key 1"],"ConditionalRequirements":[]},"Course 8":{"Stars":[{"exists":true},{"exists":true},{"exists":true},{"exists":true},{"exists":true},{"exists":true},{"exists":true}],"StarRequirement":"0","Requirements":["Key 1"],"ConditionalRequirements":[]},"Course 9":{"Stars":[{"exists":true},{"exists":true},{"exists":true},{"exists":true},{"exists":true},{"exists":true},{"exists":true}],"StarRequirement":"20","Requirements":["Key 1"],"ConditionalRequirements":[]},"Course 10":{"Stars":[{"exists":true},{"exists":true},{"exists":true},{"exists":true,"StarRequirement":"0","Requirements":["Metal Cap"],"ConditionalRequirements":[]},{"exists":true,"StarRequirement":"0","Requirements":["Wing Cap"],"ConditionalRequirements":[]},{"exists":true},{"exists":true}],"StarRequirement":"30","Requirements":["Key 1"],"ConditionalRequirements":[]},"Course 11":{"Stars":[{"exists":true},{"exists":true,"StarRequirement":"0","Requirements":["Metal Cap"],"ConditionalRequirements":[]},{"exists":true},{"exists":true},{"exists":true},{"exists":true},{"exists":true}],"StarRequirement":"0","Requirements":["Key 1","Key 2"],"ConditionalRequirements":[]},"Course 12":{"Stars":[{"exists":true},{"exists":true},{"exists":true},{"exists":true},{"exists":true},{"exists":true},{"exists":true}],"StarRequirement":"50","Requirements":["Key 1","Key 2"],"ConditionalRequirements":[]},"Course 13":{"Stars":[{"exists":true},{"exists":true},{"exists":true},{"exists":true},{"exists":true},{"exists":true},{"exists":true}],"StarRequirement":"0","Requirements":["Key 1","Key 2"],"ConditionalRequirements":[]},"Course 14":{"Stars":[{"exists":true},{"exists":true},{"exists":true},{"exists":true},{"exists":true},{"exists":true},{"exists":true}],"StarRequirement":"0","Requirements":["Key 1","Key 2"],"ConditionalRequirements":[]},"Course 15":{"Stars":[{"exists":true},{"exists":true},{"exists":true},{"exists":true},{"exists":true},{"exists":true},{"exists":true}],"StarRequirement":"65","Requirements":["Key 1","Key 2"],"ConditionalRequirements":[]},"Bowser 1":{"Stars":[{"exists":true},{"exists":true},{"exists":true},{"exists":false},{"exists":false},{"exists":false},{"exists":false}],"StarRequirement":"15","Requirements":[],"ConditionalRequirements":[]},"Bowser 2":{"Stars":[{"exists":true},{"exists":true},{"exists":true},{"exists":true,"StarRequirement":"0","Requirements":["Metal Cap"],"ConditionalRequirements":[]},{"exists":false},{"exists":false},{"exists":false}],"StarRequirement":"40","Requirements":["Key 1"],"ConditionalRequirements":[]},"Bowser 3":{"Stars":[{"exists":true},{"exists":true},{"exists":true},{"exists":true},{"exists":false},{"exists":false},{"exists":false}],"StarRequirement":"80","Requirements":["Key 1","Key 2"],"ConditionalRequirements":[]},"Slide":{"Stars":[{"exists":true},{"exists":true},{"exists":true},{"exists":true},{"exists":false},{"exists":false},{"exists":false}],"StarRequirement":"65","Requirements":["Key 1","Key 2"],"ConditionalRequirements":[]},"Secret 1":{"Stars":[{"exists":false},{"exists":false},{"exists":false},{"exists":false},{"exists":false},{"exists":false},{"exists":false}]},"Secret 2":{"Stars":[{"exists":true},{"exists":true,"StarRequirement":"0","Requirements":["Wing Cap"],"ConditionalRequirements":[]},{"exists":false},{"exists":false},{"exists":false},{"exists":false},{"exists":false}],"StarRequirement":"0","Requirements":["Key 1"],"ConditionalRequirements":[]},"Secret 3":{"Stars":[{"exists":false},{"exists":false},{"exists":false},{"exists":false},{"exists":false},{"exists":false},{"exists":false}]},"Metal Cap":{"Stars":[{"exists":true},{"exists":true},{"exists":true},{"exists":false},{"exists":false},{"exists":false},{"exists":false}],"StarRequirement":"4","Requirements":[],"ConditionalRequirements":[]},"Wing Cap":{"Stars":[{"exists":true,"StarRequirement":"0","Requirements":["Wing Cap"],"ConditionalRequirements":[]},{"exists":true,"StarRequirement":"0","Requirements":["Wing Cap"],"ConditionalRequirements":[]},{"exists":false},{"exists":false},{"exists":false},{"exists":false},{"exists":false}],"StarRequirement":"5","Requirements":[],"ConditionalRequirements":[]},"Vanish Cap":{"Stars":[{"exists":false},{"exists":false},{"exists":false},{"exists":false},{"exists":false},{"exists":false},{"exists":false}]},"Overworld":{"Stars":[{"exists":true,"StarRequirement":"12","Requirements":[],"ConditionalRequirements":[]},{"exists":true,"StarRequirement":"25","Requirements":["Key 1","Key 2"],"ConditionalRequirements":[]},{"exists":true,"StarRequirement":"35","Requirements":["Key 1"],"ConditionalRequirements":[]},{"exists":false},{"exists":false},{"exists":false},{"exists":false}]},"Other":{"Stars":[{"exists":true,"StarRequirement":"15","Requirements":[],"ConditionalRequirements":[]},{"exists":true,"StarRequirement":"40","Requirements":["Key 1"],"ConditionalRequirements":[]},{"exists":true,"StarRequirement":"5","Requirements":[],"ConditionalRequirements":[]},{"exists":false},{"exists":true,"StarRequirement":"4","Requirements":[],"ConditionalRequirements":[]},{"exists":false},{"exists":true,"StarRequirement":"80","Requirements":["Key 1","Key 2"],"ConditionalRequirements":[]}]}}