{"Course 1":{"Stars":[{"exists":true},{"exists":true},{"exists":true},{"exists":true},{"exists":true},{"exists":true},{"exists":true}]},"Course 2":{"Stars":[{"exists":true},{"exists":true},{"exists":true},{"exists":true},{"exists":true},{"exists":true},{"exists":true}]},"Course 3":{"Stars":[{"exists":true},{"exists":true},{"exists":true},{"exists":true},{"exists":true},{"exists":true},{"exists":true}]},"Course 4":{"Stars":[{"exists":true},{"exists":true},{"exists":true},{"exists":true},{"exists":true},{"exists":true},{"exists":true}],"StarRequirement":"0","Requirements":["Key 1"],"ConditionalRequirements":[]},"Course 5":{"Stars":[{"exists":true},{"exists":true},{"exists":true},{"exists":true},{"exists":true},{"exists":true},{"exists":true}],"StarRequirement":"0","Requirements":["Key 1"],"ConditionalRequirements":[]},"Course 6":{"Stars":[{"exists":true},{"exists":true},{"exists":true},{"exists":true},{"exists":true},{"exists":true},{"exists":true}],"StarRequirement":"30","Requirements":[],"ConditionalRequirements":[]},"Course 7":{"Stars":[{"exists":true},{"exists":true},{"exists":true},{"exists":true},{"exists":true},{"exists":true},{"exists":true}],"StarRequirement":"30","Requirements":[],"ConditionalRequirements":[]},"Course 8":{"Stars":[{"exists":true},{"exists":true},{"exists":true},{"exists":true},{"exists":true},{"exists":true},{"exists":true}],"StarRequirement":"30","Requirements":[],"ConditionalRequirements":[]},"Course 9":{"Stars":[{"exists":true},{"exists":true},{"exists":true},{"exists":true},{"exists":true},{"exists":true},{"exists":true}],"StarRequirement":"30","Requirements":[],"ConditionalRequirements":[]},"Course 10":{"Stars":[{"exists":true},{"exists":true},{"exists":true},{"exists":true},{"exists":true},{"exists":true},{"exists":true}],"StarRequirement":"0","Requirements":["Key 1","Key 2"],"ConditionalRequirements":[]},"Course 11":{"Stars":[{"exists":true},{"exists":true},{"exists":true},{"exists":true},{"exists":true},{"exists":true},{"exists":true}],"StarRequirement":"0","Requirements":["Key 1","Key 2"],"ConditionalRequirements":[]},"Course 12":{"Stars":[{"exists":true},{"exists":true},{"exists":true},{"exists":true},{"exists":true},{"exists":true},{"exists":true}],"StarRequirement":"0","Requirements":["Key 1","Key 2"],"ConditionalRequirements":[]},"Course 13":{"Stars":[{"exists":true},{"exists":true},{"exists":true},{"exists":true},{"exists":true},{"exists":true},{"exists":true}],"StarRequirement":"80","Requirements":["Key 1","Key 2"],"ConditionalRequirements":[]},"Course 14":{"Stars":[{"exists":true},{"exists":true},{"exists":true},{"exists":true},{"exists":true},{"exists":true},{"exists":true}],"StarRequirement":"95","Requirements":["Key 1","Key 2"],"ConditionalRequirements":[]},"Course 15":{"Stars":[{"exists":true},{"exists":true},{"exists":true},{"exists":true},{"exists":true},{"exists":true},{"exists":true}],"StarRequirement":"110","Requirements":["Key 1","Key 2"],"ConditionalRequirements":[]},"Bowser 1":{"Stars":[{"exists":true},{"exists":true},{"exists":true},{"exists":true},{"exists":false},{"exists":false},{"exists":false}],"StarRequirement":"10","Requirements":[],"ConditionalRequirements":[]},"Bowser 2":{"Stars":[{"exists":true},{"exists":true},{"exists":true},{"exists":true},{"exists":true},{"exists":true},{"exists":true}],"StarRequirement":"50","Requirements":["Key 1"],"ConditionalRequirements":[]},"Bowser 3":{"Stars":[{"exists":true},{"exists":true},{"exists":true},{"exists":true},{"exists":false},{"exists":false},{"exists":false}],"StarRequirement":"125","Requirements":["Key 1","Key 2"],"ConditionalRequirements":[]},"Slide":{"Stars":[{"exists":true},{"exists":true},{"exists":true},{"exists":true},{"exists":false},{"exists":false},{"exists":false}],"StarRequirement":"0","Requirements":["Key 1"],"ConditionalRequirements":[]},"Secret 1":{"Stars":[{"exists":true},{"exists":true},{"exists":true},{"exists":true},{"exists":true},{"exists":true},{"exists":false}],"StarRequirement":"0","Requirements":["Key 1"],"ConditionalRequirements":[]},"Secret 2":{"Stars":[{"exists":true},{"exists":true},{"exists":true},{"exists":true},{"exists":true},{"exists":true},{"exists":true}],"StarRequirement":"150","Requirements":["Key 1","Key 2"],"ConditionalRequirements":[]},"Secret 3":{"Stars":[{"exists":false},{"exists":false},{"exists":false},{"exists":false},{"exists":false},{"exists":false},{"exists":false}]},"Metal Cap":{"Stars":[{"exists":true},{"exists":true},{"exists":true},{"exists":true},{"exists":true},{"exists":true},{"exists":false}]},"Wing Cap":{"Stars":[{"exists":true},{"exists":true},{"exists":true},{"exists":false},{"exists":false},{"exists":false},{"exists":false}],"StarRequirement":"30","Requirements":[],"ConditionalRequirements":[]},"Vanish Cap":{"Stars":[{"exists":true},{"exists":true},{"exists":true},{"exists":true},{"exists":true},{"exists":true},{"exists":false}],"StarRequirement":"0","Requirements":["Key 1"],"ConditionalRequirements":[]},"Overworld":{"Stars":[{"exists":true,"StarRequirement":"12","Requirements":[],"ConditionalRequirements":[]},{"exists":true,"StarRequirement":"25","Requirements":["Key 1","Key 2","Wing Cap"],"ConditionalRequirements":[]},{"exists":true,"StarRequirement":"35","Requirements":["Key 1","Key 2","Wing Cap"],"ConditionalRequirements":[]},{"exists":true,"StarRequirement":"30","Requirements":[],"ConditionalRequirements":[]},{"exists":true,"StarRequirement":"50","Requirements":[],"ConditionalRequirements":[]},{"exists":false},{"exists":false}]},"Other":{"Stars":[{"exists":true,"StarRequirement":"10","Requirements":[],"ConditionalRequirements":[]},{"exists":true,"StarRequirement":"50","Requirements":["Key 1"],"ConditionalRequirements":[]},{"exists":true,"StarRequirement":"30","Requirements":[],"ConditionalRequirements":[]},{"exists":true,"StarRequirement":"0","Requirements":["Key 1"],"ConditionalRequirements":[]},{"exists":true,"StarRequirement":"0","Requirements":[],"ConditionalRequirements":[]},{"exists":false},{"exists":true,"StarRequirement":"125","Requirements":["Key 1","Key 2"],"ConditionalRequirements":[]}]}}