{"Course 1":{"Stars":[{"exists":true},{"exists":true},{"exists":true},{"exists":true},{"exists":true},{"exists":true},{"exists":true}]},"Course 2":{"Stars":[{"exists":true},{"exists":true},{"exists":true},{"exists":true},{"exists":true},{"exists":true},{"exists":true}]},"Course 3":{"Stars":[{"exists":true},{"exists":true},{"exists":true},{"exists":true},{"exists":true},{"exists":true},{"exists":true}]},"Course 4":{"Stars":[{"exists":true},{"exists":true},{"exists":true},{"exists":true},{"exists":true},{"exists":true},{"exists":true}],"StarRequirement":"0","Requirements":["Key 1"],"ConditionalRequirements":[]},"Course 5":{"Stars":[{"exists":true},{"exists":true},{"exists":true},{"exists":true},{"exists":true},{"exists":true},{"exists":true}]},"Course 6":{"Stars":[{"exists":true},{"exists":true},{"exists":true},{"exists":true},{"exists":true},{"exists":true},{"exists":true}]},"Course 7":{"Stars":[{"exists":true},{"exists":true},{"exists":true},{"exists":true},{"exists":true},{"exists":true},{"exists":true}]},"Course 8":{"Stars":[{"exists":true},{"exists":true},{"exists":true},{"exists":true},{"exists":true},{"exists":true},{"exists":true}],"StarRequirement":"0","Requirements":[],"ConditionalRequirements":[]},"Course 9":{"Stars":[{"exists":true},{"exists":true},{"exists":true},{"exists":true},{"exists":true},{"exists":true},{"exists":true}],"StarRequirement":"0","Requirements":["Key 2"],"ConditionalRequirements":[]},"Course 10":{"Stars":[{"exists":true},{"exists":true},{"exists":true},{"exists":true},{"exists":true},{"exists":true},{"exists":true}],"StarRequirement":"0","Requirements":["Key 2"],"ConditionalRequirements":[]},"Course 11":{"Stars":[{"exists":true},{"exists":true},{"exists":true},{"exists":true},{"exists":true},{"exists":true},{"exists":true}],"StarRequirement":"0","Requirements":["Vanish Cap"],"ConditionalRequirements":[]},"Course 12":{"Stars":[{"exists":true},{"exists":true},{"exists":true},{"exists":true},{"exists":true},{"exists":true},{"exists":true}]},"Course 13":{"Stars":[{"exists":true},{"exists":true},{"exists":true},{"exists":true},{"exists":true},{"exists":true},{"exists":true}]},"Course 14":{"Stars":[{"exists":true},{"exists":true},{"exists":true},{"exists":true},{"exists":true},{"exists":true},{"exists":true}],"StarRequirement":"0","Requirements":["Vanish Cap"],"ConditionalRequirements":[]},"Course 15":{"Stars":[{"exists":true},{"exists":true},{"exists":true},{"exists":true},{"exists":true},{"exists":true},{"exists":true}]},"Bowser 1":{"Stars":[{"exists":true},{"exists":true},{"exists":true},{"exists":true},{"exists":true},{"exists":true},{"exists":true}],"StarRequirement":"12","Requirements":[],"ConditionalRequirements":[]},"Bowser 2":{"Stars":[{"exists":true},{"exists":true},{"exists":true},{"exists":true},{"exists":true},{"exists":true},{"exists":true}],"StarRequirement":"50","Requirements":[],"ConditionalRequirements":[]},"Bowser 3":{"Stars":[{"exists":true},{"exists":true},{"exists":true},{"exists":true},{"exists":true},{"exists":true},{"exists":true}],"StarRequirement":"0","Requirements":["Vanish Cap"],"ConditionalRequirements":[]},"Slide":{"Stars":[{"exists":true},{"exists":true},{"exists":true},{"exists":true},{"exists":true},{"exists":true},{"exists":true}],"StarRequirement":"0","Requirements":["Wing Cap"],"ConditionalRequirements":[]},"Secret 1":{"Stars":[{"exists":true},{"exists":true},{"exists":true},{"exists":true},{"exists":true},{"exists":true},{"exists":true}]},"Secret 2":{"Stars":[{"exists":true},{"exists":true},{"exists":true},{"exists":true},{"exists":true},{"exists":true},{"exists":true}]},"Secret 3":{"Stars":[{"exists":true},{"exists":true},{"exists":true},{"exists":true},{"exists":true},{"exists":true},{"exists":true}]},"Metal Cap":{"Stars":[{"exists":true},{"exists":true},{"exists":true},{"exists":true},{"exists":true},{"exists":true},{"exists":true}],"StarRequirement":"0","Requirements":["Key 2","Metal Cap"],"ConditionalRequirements":[]},"Wing Cap":{"Stars":[{"exists":true},{"exists":true},{"exists":true},{"exists":true},{"exists":true},{"exists":true},{"exists":true}]},"Vanish Cap":{"Stars":[{"exists":true},{"exists":true},{"exists":true},{"exists":true},{"exists":true},{"exists":true},{"exists":true}],"StarRequirement":"0","Requirements":["Key 2","Vanish Cap"],"ConditionalRequirements":[]},"Overworld":{"Stars":[{"exists":true},{"exists":true},{"exists":true},{"exists":true},{"exists":true},{"exists":true},{"exists":true}]},"Other":{"Stars":[{"exists":true,"StarRequirement":"12","Requirements":[],"ConditionalRequirements":[]},{"exists":true,"StarRequirement":"50","Requirements":[],"ConditionalRequirements":[]},{"exists":true,"StarRequirement":"0","Requirements":[],"ConditionalRequirements":[]},{"exists":true,"StarRequirement":"0","Requirements":["Key 2"],"ConditionalRequirements":[]},{"exists":true,"StarRequirement":"0","Requirements":["Key 2"],"ConditionalRequirements":[]},{"exists":false},{"exists":true,"StarRequirement":"100","Requirements":[],"ConditionalRequirements":[]}]}}