{"Course 1":{"Stars":[{"exists":true},{"exists":true},{"exists":true},{"exists":true},{"exists":true},{"exists":true},{"exists":true}],"Cannon":{"exists":false}},"Course 2":{"Stars":[{"exists":true},{"exists":true},{"exists":true},{"exists":true},{"exists":true},{"exists":true,"StarRequirement":"0","Requirements":["Key 1"],"ConditionalRequirements":[]},{"exists":true}],"Cannon":{"exists":false},"StarRequirement":"3","Requirements":[],"ConditionalRequirements":[]},"Course 3":{"Stars":[{"exists":true},{"exists":true},{"exists":true},{"exists":true},{"exists":true},{"exists":true},{"exists":true}],"Cannon":{"exists":false}},"Course 4":{"Stars":[{"exists":true,"StarRequirement":"3","Requirements":[],"ConditionalRequirements":[]},{"exists":true,"StarRequirement":"3","Requirements":[],"ConditionalRequirements":[]},{"exists":true,"StarRequirement":"3","Requirements":[],"ConditionalRequirements":[]},{"exists":true,"StarRequirement":"3","Requirements":[],"ConditionalRequirements":[]},{"exists":true,"StarRequirement":"3","Requirements":[],"ConditionalRequirements":[]},{"exists":true},{"exists":true,"StarRequirement":"3","Requirements":[],"ConditionalRequirements":[]}],"Cannon":{"exists":false}},"Course 5":{"Stars":[{"exists":true},{"exists":true},{"exists":true},{"exists":true},{"exists":true},{"exists":true},{"exists":true}],"Cannon":{"exists":false},"StarRequirement":"8","Requirements":[],"ConditionalRequirements":[]},"Course 6":{"Stars":[{"exists":true},{"exists":true},{"exists":true},{"exists":true},{"exists":true},{"exists":true},{"exists":true}],"Cannon":{"exists":false},"StarRequirement":"0","Requirements":[],"ConditionalRequirements":[{"StarRequirement":"","Requirements":["Key 1"]},{"StarRequirement":"","Requirements":["Vanish Cap"]}]},"Course 7":{"Stars":[{"exists":true},{"exists":true},{"exists":true},{"exists":true},{"exists":true},{"exists":true},{"exists":true}],"Cannon":{"exists":false},"StarRequirement":"0","Requirements":[],"ConditionalRequirements":[{"StarRequirement":"","Requirements":["Key 1"]},{"StarRequirement":"","Requirements":["Vanish Cap"]}]},"Course 8":{"Stars":[{"exists":true},{"exists":true},{"exists":true},{"exists":true},{"exists":true},{"exists":true},{"exists":true}],"Cannon":{"exists":false},"StarRequirement":"0","Requirements":[],"ConditionalRequirements":[{"StarRequirement":"","Requirements":["Key 1"]},{"StarRequirement":"","Requirements":["Vanish Cap"]}]},"Course 9":{"Stars":[{"exists":true},{"exists":true},{"exists":true},{"exists":true,"StarRequirement":"0","Requirements":["Wing Cap"],"ConditionalRequirements":[]},{"exists":true},{"exists":true},{"exists":true}],"Cannon":{"exists":false},"StarRequirement":"0","Requirements":[],"ConditionalRequirements":[{"StarRequirement":"","Requirements":["Key 1"]},{"StarRequirement":"","Requirements":["Vanish Cap"]}]},"Course 10":{"Stars":[{"exists":true},{"exists":true},{"exists":true},{"exists":true,"StarRequirement":"0","Requirements":["Wing Cap"],"ConditionalRequirements":[]},{"exists":true},{"exists":true},{"exists":true}],"Cannon":{"exists":false},"StarRequirement":"0","Requirements":[],"ConditionalRequirements":[{"StarRequirement":"","Requirements":["Key 2"]},{"StarRequirement":"","Requirements":["Vanish Cap"]}]},"Course 11":{"Stars":[{"exists":true},{"exists":true},{"exists":true},{"exists":true,"StarRequirement":"0","Requirements":[],"ConditionalRequirements":[]},{"exists":true,"StarRequirement":"0","Requirements":["Vanish Cap"],"ConditionalRequirements":[]},{"exists":true,"StarRequirement":"0","Requirements":["Vanish Cap"],"ConditionalRequirements":[]},{"exists":true}],"Cannon":{"exists":false},"StarRequirement":"0","Requirements":[],"ConditionalRequirements":[{"StarRequirement":"","Requirements":["Vanish Cap"]},{"StarRequirement":"","Requirements":["Key 2"]}]},"Course 12":{"Stars":[{"exists":true},{"exists":true},{"exists":true},{"exists":true},{"exists":true},{"exists":true,"StarRequirement":"0","Requirements":["Key 2"],"ConditionalRequirements":[]},{"exists":true}],"Cannon":{"exists":false},"StarRequirement":"0","Requirements":[],"ConditionalRequirements":[{"StarRequirement":"","Requirements":["Vanish Cap"]},{"StarRequirement":"","Requirements":["Key 2"]}]},"Course 13":{"Stars":[{"exists":true},{"exists":true},{"exists":true},{"exists":true},{"exists":true},{"exists":true,"StarRequirement":"0","Requirements":["Vanish Cap"],"ConditionalRequirements":[]},{"exists":true}],"Cannon":{"exists":false},"StarRequirement":"0","Requirements":[],"ConditionalRequirements":[{"StarRequirement":"50","Requirements":["Key 2"]},{"StarRequirement":"","Requirements":["Vanish Cap"]}]},"Course 14":{"Stars":[{"exists":true},{"exists":true},{"exists":true},{"exists":true},{"exists":true},{"exists":true},{"exists":true}],"Cannon":{"exists":false},"StarRequirement":"0","Requirements":[],"ConditionalRequirements":[{"StarRequirement":"","Requirements":["Vanish Cap"]},{"StarRequirement":"","Requirements":["Key 2"]}]},"Course 15":{"Stars":[{"exists":true,"StarRequirement":"70","Requirements":[],"ConditionalRequirements":[{"StarRequirement":"","Requirements":["Key 1"]},{"StarRequirement":"","Requirements":["Vanish Cap"]}]},{"exists":true,"StarRequirement":"70","Requirements":[],"ConditionalRequirements":[{"StarRequirement":"","Requirements":["Key 1"]},{"StarRequirement":"","Requirements":["Vanish Cap"]}]},{"exists":true,"StarRequirement":"70","Requirements":[],"ConditionalRequirements":[{"StarRequirement":"","Requirements":["Key 1"]},{"StarRequirement":"","Requirements":["Vanish Cap"]}]},{"exists":true,"StarRequirement":"169","Requirements":[],"ConditionalRequirements":[{"StarRequirement":"","Requirements":["Key 1"]},{"StarRequirement":"","Requirements":["Vanish Cap"]}]},{"exists":true,"StarRequirement":"96","Requirements":[],"ConditionalRequirements":[{"StarRequirement":"","Requirements":["Key 1","Key 2"]},{"StarRequirement":"","Requirements":["Vanish Cap"]}]},{"exists":true,"StarRequirement":"10","Requirements":[],"ConditionalRequirements":[{"StarRequirement":"50","Requirements":["Key 1","Key 2"]},{"StarRequirement":"","Requirements":["Vanish Cap"]}]},{"exists":true,"StarRequirement":"70","Requirements":[],"ConditionalRequirements":[{"StarRequirement":"","Requirements":["Key 1"]},{"StarRequirement":"","Requirements":["Vanish Cap"]}]}],"Cannon":{"exists":false},"StarRequirement":"","Requirements":[],"ConditionalRequirements":[]},"Bowser 1":{"Stars":[{"exists":true},{"exists":true},{"exists":true},{"exists":true},{"exists":true},{"exists":true},{"exists":false}],"Cannon":{"exists":false},"StarRequirement":"10","Requirements":[],"ConditionalRequirements":[]},"Bowser 2":{"Stars":[{"exists":true},{"exists":true},{"exists":true},{"exists":true},{"exists":true},{"exists":true},{"exists":true}],"Cannon":{"exists":false},"StarRequirement":"30","Requirements":[],"ConditionalRequirements":[{"StarRequirement":"","Requirements":["Key 1"]},{"StarRequirement":"","Requirements":["Vanish Cap"]}]},"Bowser 3":{"Stars":[{"exists":true},{"exists":true},{"exists":true},{"exists":true,"StarRequirement":"10","Requirements":[],"ConditionalRequirements":[]},{"exists":true,"StarRequirement":"96","Requirements":[],"ConditionalRequirements":[]},{"exists":false},{"exists":false}],"Cannon":{"exists":false},"StarRequirement":"0","Requirements":[],"ConditionalRequirements":[{"StarRequirement":"50","Requirements":["Key 1","Key 2"]},{"StarRequirement":"","Requirements":["Vanish Cap"]}]},"Slide":{"Stars":[{"exists":true},{"exists":true},{"exists":true},{"exists":true},{"exists":true},{"exists":true},{"exists":true}],"Cannon":{"exists":false},"StarRequirement":"30","Requirements":[],"ConditionalRequirements":[{"StarRequirement":"","Requirements":["Key 1"]},{"StarRequirement":"","Requirements":["Vanish Cap"]}]},"Secret 1":{"Stars":[{"exists":true},{"exists":true},{"exists":true},{"exists":true},{"exists":true},{"exists":true},{"exists":true}],"Cannon":{"exists":false},"StarRequirement":"30","Requirements":[],"ConditionalRequirements":[{"StarRequirement":"","Requirements":["Key 1"]},{"StarRequirement":"","Requirements":["Vanish Cap"]}]},"Secret 2":{"Stars":[{"exists":true},{"exists":true},{"exists":true},{"exists":true},{"exists":true},{"exists":false},{"exists":false}],"Cannon":{"exists":false},"StarRequirement":"10","Requirements":[],"ConditionalRequirements":[]},"Secret 3":{"Stars":[{"exists":true},{"exists":true},{"exists":true},{"exists":true},{"exists":true},{"exists":true},{"exists":false}],"Cannon":{"exists":false},"StarRequirement":"1","Requirements":[],"ConditionalRequirements":[]},"Metal Cap":{"Stars":[{"exists":true},{"exists":true},{"exists":true},{"exists":true},{"exists":true},{"exists":false},{"exists":false}],"Cannon":{"exists":false},"StarRequirement":"8","Requirements":[],"ConditionalRequirements":[]},"Wing Cap":{"Stars":[{"exists":true},{"exists":true},{"exists":true},{"exists":true},{"exists":true},{"exists":false},{"exists":false}],"Cannon":{"exists":false},"StarRequirement":"0","Requirements":[],"ConditionalRequirements":[{"StarRequirement":"","Requirements":["Key 1"]},{"StarRequirement":"","Requirements":["Vanish Cap"]}]},"Vanish Cap":{"Stars":[{"exists":true},{"exists":true},{"exists":true},{"exists":true},{"exists":true},{"exists":false},{"exists":false}],"Cannon":{"exists":false},"StarRequirement":"0","Requirements":[],"ConditionalRequirements":[{"StarRequirement":"50","Requirements":["Key 2"]},{"StarRequirement":"","Requirements":["Vanish Cap"]}]},"Overworld":{"Stars":[{"exists":true},{"exists":true,"StarRequirement":"1","Requirements":[],"ConditionalRequirements":[]},{"exists":true},{"exists":true},{"exists":true,"StarRequirement":"30","Requirements":[],"ConditionalRequirements":[{"StarRequirement":"","Requirements":["Key 1"]},{"StarRequirement":"","Requirements":["Vanish Cap"]}]},{"exists":true,"StarRequirement":"1","Requirements":[],"ConditionalRequirements":[]},{"exists":true}],"Cannon":{"exists":false}},"Other":{"Stars":[{"exists":true,"StarRequirement":"10","Requirements":[],"ConditionalRequirements":[]},{"exists":true,"StarRequirement":"30","Requirements":[],"ConditionalRequirements":[{"StarRequirement":"","Requirements":["Key 1"]},{"StarRequirement":"","Requirements":["Vanish Cap"]}]},{"exists":true,"StarRequirement":"0","Requirements":[],"ConditionalRequirements":[{"StarRequirement":"","Requirements":["Key 1"]},{"StarRequirement":"","Requirements":["Vanish Cap"]}]},{"exists":true,"StarRequirement":"0","Requirements":[],"ConditionalRequirements":[{"StarRequirement":"50","Requirements":["Key 2"]},{"StarRequirement":"","Requirements":["Vanish Cap"]}]},{"exists":true,"StarRequirement":"8","Requirements":[],"ConditionalRequirements":[]},{"exists":false},{"exists":true,"StarRequirement":"169","Requirements":[],"ConditionalRequirements":[{"StarRequirement":"","Requirements":["Key 1"]},{"StarRequirement":"","Requirements":["Vanish Cap"]}]}],"Settings":[]}}