{"Course 1":{"Stars":[{"exists":true},{"exists":true},{"exists":true},{"exists":true},{"exists":true},{"exists":true},{"exists":true}],"Cannon":{"exists":false}},"Course 2":{"Stars":[{"exists":true},{"exists":true},{"exists":true},{"exists":true},{"exists":true},{"exists":true},{"exists":true}],"Cannon":{"exists":false}},"Course 3":{"Stars":[{"exists":true},{"exists":true},{"exists":true},{"exists":true},{"exists":true},{"exists":true,"StarRequirement":"0","Requirements":["Course 3 Cannon"],"ConditionalRequirements":[]},{"exists":true}],"Cannon":{"exists":true,"StarRequirement":"0","Requirements":[],"ConditionalRequirements":[]}},"Course 4":{"Stars":[{"exists":true},{"exists":true,"StarRequirement":"0","Requirements":["Vanish Cap"],"ConditionalRequirements":[]},{"exists":false},{"exists":false},{"exists":false},{"exists":false},{"exists":false}],"Cannon":{"exists":false}},"Course 5":{"Stars":[{"exists":false},{"exists":false},{"exists":false},{"exists":false},{"exists":false},{"exists":false},{"exists":false}],"Cannon":{"exists":false}},"Course 6":{"Stars":[{"exists":false},{"exists":false},{"exists":false},{"exists":false},{"exists":false},{"exists":false},{"exists":false}],"Cannon":{"exists":false}},"Course 7":{"Stars":[{"exists":false},{"exists":false},{"exists":false},{"exists":false},{"exists":false},{"exists":false},{"exists":false}],"Cannon":{"exists":false}},"Course 8":{"Stars":[{"exists":false},{"exists":false},{"exists":false},{"exists":false},{"exists":false},{"exists":false},{"exists":false}],"Cannon":{"exists":false}},"Course 9":{"Stars":[{"exists":false},{"exists":false},{"exists":false},{"exists":false},{"exists":false},{"exists":false},{"exists":false}],"Cannon":{"exists":false}},"Course 10":{"Stars":[{"exists":false},{"exists":false},{"exists":false},{"exists":false},{"exists":false},{"exists":false},{"exists":false}],"Cannon":{"exists":false}},"Course 11":{"Stars":[{"exists":false},{"exists":false},{"exists":false},{"exists":false},{"exists":false},{"exists":false},{"exists":false}],"Cannon":{"exists":false}},"Course 12":{"Stars":[{"exists":false},{"exists":false},{"exists":false},{"exists":false},{"exists":false},{"exists":false},{"exists":false}],"Cannon":{"exists":false}},"Course 13":{"Stars":[{"exists":false},{"exists":false},{"exists":false},{"exists":false},{"exists":false},{"exists":false},{"exists":false}],"Cannon":{"exists":false}},"Course 14":{"Stars":[{"exists":false},{"exists":false},{"exists":false},{"exists":false},{"exists":false},{"exists":false},{"exists":false}],"Cannon":{"exists":false}},"Course 15":{"Stars":[{"exists":false},{"exists":false},{"exists":false},{"exists":false},{"exists":false},{"exists":false},{"exists":false}],"Cannon":{"exists":false}},"Bowser 1":{"Stars":[{"exists":true},{"exists":false},{"exists":false},{"exists":false},{"exists":false},{"exists":false},{"exists":false}],"Cannon":{"exists":false},"StarRequirement":"20","Requirements":["Vanish Cap"],"ConditionalRequirements":[]},"Bowser 2":{"Stars":[{"exists":false},{"exists":false},{"exists":false},{"exists":false},{"exists":false},{"exists":false},{"exists":false}],"Cannon":{"exists":false}},"Bowser 3":{"Stars":[{"exists":false},{"exists":false},{"exists":false},{"exists":false},{"exists":false},{"exists":false},{"exists":false}],"Cannon":{"exists":false}},"Slide":{"Stars":[{"exists":false},{"exists":false},{"exists":false},{"exists":false},{"exists":false},{"exists":false},{"exists":false}],"Cannon":{"exists":false}},"Secret 1":{"Stars":[{"exists":false},{"exists":false},{"exists":false},{"exists":false},{"exists":false},{"exists":false},{"exists":false}],"Cannon":{"exists":false}},"Secret 2":{"Stars":[{"exists":true},{"exists":false},{"exists":false},{"exists":false},{"exists":false},{"exists":false},{"exists":false}],"Cannon":{"exists":false},"StarRequirement":"0","Requirements":["Course 3 Cannon"],"ConditionalRequirements":[]},"Secret 3":{"Stars":[{"exists":false},{"exists":false},{"exists":false},{"exists":false},{"exists":false},{"exists":false},{"exists":false}],"Cannon":{"exists":false}},"Metal Cap":{"Stars":[{"exists":false},{"exists":false},{"exists":false},{"exists":false},{"exists":false},{"exists":false},{"exists":false}],"Cannon":{"exists":false}},"Wing Cap":{"Stars":[{"exists":false},{"exists":false},{"exists":false},{"exists":false},{"exists":false},{"exists":false},{"exists":false}],"Cannon":{"exists":false}},"Vanish Cap":{"Stars":[{"exists":false},{"exists":false},{"exists":false},{"exists":false},{"exists":false},{"exists":false},{"exists":false}],"Cannon":{"exists":false}},"Overworld":{"Stars":[{"exists":false},{"exists":false},{"exists":false},{"exists":false},{"exists":false},{"exists":false},{"exists":false}],"Cannon":{"exists":false}},"Other":{"Stars":[{"exists":false},{"exists":false},{"exists":false},{"exists":true,"StarRequirement":"0","Requirements":["Course 3 Cannon"],"ConditionalRequirements":[]},{"exists":false},{"exists":false},{"exists":true,"StarRequirement":"20","Requirements":["Vanish Cap"],"ConditionalRequirements":[]}],"Settings":["cannons","cannons","cannons","cannons","cannons","cannons"]}}