{"Course 1":{"Stars":[{"exists":true},{"exists":true},{"exists":true},{"exists":true},{"exists":true},{"exists":true},{"exists":true}],"Cannon":{"exists":false}},"Course 2":{"Stars":[{"exists":true},{"exists":true},{"exists":true},{"exists":true},{"exists":true},{"exists":true},{"exists":true}],"Cannon":{"exists":false}},"Course 3":{"Stars":[{"exists":true},{"exists":true},{"exists":true},{"exists":true},{"exists":true},{"exists":true},{"exists":true}],"Cannon":{"exists":false}},"Course 4":{"Stars":[{"exists":true},{"exists":true},{"exists":true},{"exists":true},{"exists":true},{"exists":true},{"exists":true}],"Cannon":{"exists":false}},"Course 5":{"Stars":[{"exists":true},{"exists":true},{"exists":true},{"exists":true},{"exists":true},{"exists":true},{"exists":true}],"Cannon":{"exists":false}},"Course 6":{"Stars":[{"exists":true},{"exists":true},{"exists":true},{"exists":true},{"exists":true},{"exists":true},{"exists":true}],"StarRequirement":"15","Requirements":[],"ConditionalRequirements":[],"Cannon":{"exists":false}},"Course 7":{"Stars":[{"exists":true},{"exists":true},{"exists":true},{"exists":true},{"exists":true},{"exists":true},{"exists":true}],"Cannon":{"exists":true,"StarRequirement":"0","Requirements":[],"ConditionalRequirements":[]}},"Course 8":{"Stars":[{"exists":true},{"exists":true},{"exists":true},{"exists":true},{"exists":true},{"exists":true},{"exists":true}],"StarRequirement":"0","Requirements":["Key 1"],"ConditionalRequirements":[],"Cannon":{"exists":true,"StarRequirement":"0","Requirements":[],"ConditionalRequirements":[]}},"Course 9":{"Stars":[{"exists":true},{"exists":true},{"exists":true},{"exists":true},{"exists":true},{"exists":true},{"exists":true}],"StarRequirement":"0","Requirements":["Key 1","Course 8 Cannon"],"ConditionalRequirements":[],"Cannon":{"exists":true,"StarRequirement":"0","Requirements":[],"ConditionalRequirements":[]}},"Course 10":{"Stars":[{"exists":true},{"exists":true},{"exists":true},{"exists":true,"StarRequirement":"0","Requirements":["Vanish Cap"],"ConditionalRequirements":[]},{"exists":true},{"exists":true,"StarRequirement":"60","Requirements":["Key 2"],"ConditionalRequirements":[]},{"exists":true}],"StarRequirement":"0","Requirements":[],"ConditionalRequirements":[{"StarRequirement":"","Requirements":["Key 2"]},{"StarRequirement":"","Requirements":["Wing Cap"]}],"Cannon":{"exists":false}},"Course 11":{"Stars":[{"exists":true},{"exists":true},{"exists":true},{"exists":true},{"exists":true},{"exists":true},{"exists":true}],"StarRequirement":"0","Requirements":[],"ConditionalRequirements":[{"StarRequirement":"","Requirements":["Key 2"]},{"StarRequirement":"","Requirements":["Wing Cap"]}],"Cannon":{"exists":false}},"Course 12":{"Stars":[{"exists":true},{"exists":true},{"exists":true},{"exists":true},{"exists":true,"StarRequirement":"0","Requirements":["Vanish Cap"],"ConditionalRequirements":[]},{"exists":true,"StarRequirement":"60","Requirements":["Key 2","Course 12 Cannon"],"ConditionalRequirements":[]},{"exists":true}],"StarRequirement":"0","Requirements":["Key 2"],"ConditionalRequirements":[],"Cannon":{"exists":true,"StarRequirement":"0","Requirements":[],"ConditionalRequirements":[]}},"Course 13":{"Stars":[{"exists":true},{"exists":true},{"exists":true},{"exists":true,"StarRequirement":"0","Requirements":["Vanish Cap"],"ConditionalRequirements":[]},{"exists":true},{"exists":true},{"exists":true}],"StarRequirement":"60","Requirements":["Key 2"],"ConditionalRequirements":[],"Cannon":{"exists":false}},"Course 14":{"Stars":[{"exists":true},{"exists":true},{"exists":true},{"exists":true},{"exists":true},{"exists":true},{"exists":true}],"StarRequirement":"60","Requirements":["Key 2","Vanish Cap"],"ConditionalRequirements":[],"Cannon":{"exists":true,"StarRequirement":"0","Requirements":[],"ConditionalRequirements":[]}},"Course 15":{"Stars":[{"exists":true},{"exists":true},{"exists":true},{"exists":true},{"exists":true},{"exists":false},{"exists":false}],"StarRequirement":"75","Requirements":["Key 2"],"ConditionalRequirements":[],"Cannon":{"exists":false}},"Bowser 1":{"Stars":[{"exists":true},{"exists":false},{"exists":false},{"exists":false},{"exists":false},{"exists":false},{"exists":false}],"StarRequirement":"15","Requirements":[],"ConditionalRequirements":[],"Cannon":{"exists":false}},"Bowser 2":{"Stars":[{"exists":true},{"exists":true},{"exists":false},{"exists":false},{"exists":false},{"exists":false},{"exists":false}],"StarRequirement":"0","Requirements":["Key 2"],"ConditionalRequirements":[{"StarRequirement":"","Requirements":["Wing Cap"]},{"StarRequirement":"","Requirements":["Key 2"]}],"Cannon":{"exists":true,"StarRequirement":"0","Requirements":[],"ConditionalRequirements":[]}},"Bowser 3":{"Stars":[{"exists":true},{"exists":false},{"exists":false},{"exists":false},{"exists":false},{"exists":false},{"exists":false}],"StarRequirement":"0","Requirements":["Key 1","Course 8 Cannon"],"ConditionalRequirements":[],"Cannon":{"exists":false}},"Slide":{"Stars":[{"exists":true},{"exists":false},{"exists":false},{"exists":false},{"exists":false},{"exists":false},{"exists":false}],"StarRequirement":"50","Requirements":[],"ConditionalRequirements":[],"Cannon":{"exists":false}},"Secret 1":{"Stars":[{"exists":true},{"exists":true},{"exists":false},{"exists":false},{"exists":false},{"exists":false},{"exists":false}],"StarRequirement":"0","Requirements":["Metal Cap"],"ConditionalRequirements":[],"Cannon":{"exists":false}},"Secret 2":{"Stars":[{"exists":true},{"exists":true},{"exists":false},{"exists":false},{"exists":false},{"exists":true},{"exists":false}],"StarRequirement":"15","Requirements":[],"ConditionalRequirements":[],"Cannon":{"exists":false}},"Secret 3":{"Stars":[{"exists":false},{"exists":false},{"exists":false},{"exists":false},{"exists":false},{"exists":false},{"exists":false}],"Cannon":{"exists":false}},"Metal Cap":{"Stars":[{"exists":false},{"exists":true},{"exists":false},{"exists":false},{"exists":false},{"exists":false},{"exists":false}],"StarRequirement":"110","Requirements":["Overworld Cannon"],"ConditionalRequirements":[],"Cannon":{"exists":false}},"Wing Cap":{"Stars":[{"exists":true,"StarRequirement":"60","Requirements":["Key 2","Vanish Cap"],"ConditionalRequirements":[]},{"exists":true,"StarRequirement":"60","Requirements":["Key 2"],"ConditionalRequirements":[]},{"exists":false},{"exists":false},{"exists":false},{"exists":false},{"exists":false}],"Cannon":{"exists":false}},"Vanish Cap":{"Stars":[{"exists":true},{"exists":true},{"exists":false},{"exists":false},{"exists":false},{"exists":false},{"exists":false}],"StarRequirement":"60","Requirements":["Key 2","Vanish Cap","Metal Cap"],"ConditionalRequirements":[],"Cannon":{"exists":false}},"Overworld":{"Stars":[{"exists":false},{"exists":true,"StarRequirement":"75","Requirements":["Key 2"],"ConditionalRequirements":[]},{"exists":true,"StarRequirement":"35","Requirements":["Key 2"],"ConditionalRequirements":[]},{"exists":false},{"exists":false},{"exists":false},{"exists":true,"StarRequirement":"60","Requirements":["Key 2"],"ConditionalRequirements":[]}],"Cannon":{"exists":true,"StarRequirement":"0","Requirements":[],"ConditionalRequirements":[]}},"Other":{"Stars":[{"exists":true,"StarRequirement":"15","Requirements":[],"ConditionalRequirements":[]},{"exists":true,"StarRequirement":"0","Requirements":["Wing Cap"],"ConditionalRequirements":[{"StarRequirement":"","Requirements":["Key 2"]},{"StarRequirement":"","Requirements":["Wing Cap"]}]},{"exists":true,"StarRequirement":"","Requirements":["Key 1"],"ConditionalRequirements":[]},{"exists":true,"StarRequirement":"60","Requirements":["Key 2"],"ConditionalRequirements":[]},{"exists":true,"StarRequirement":"0","Requirements":[],"ConditionalRequirements":[]},{"exists":false},{"exists":true,"StarRequirement":"75","Requirements":["Key 2"],"ConditionalRequirements":[]}],"Settings":["cannons"],"Cannon":{"exists":false}}}