{"Course 1":{"Stars":[{"exists":true},{"exists":true},{"exists":true},{"exists":true},{"exists":true},{"exists":false},{"exists":true}],"Cannon":{"exists":false}},"Course 2":{"Stars":[{"exists":true},{"exists":true},{"exists":true},{"exists":true},{"exists":true},{"exists":false},{"exists":true}],"Cannon":{"exists":true,"StarRequirement":"0","Requirements":["Vanish Cap"],"ConditionalRequirements":[]}},"Course 3":{"Stars":[{"exists":true},{"exists":true},{"exists":true},{"exists":true},{"exists":true},{"exists":false},{"exists":true}],"Cannon":{"exists":false}},"Course 4":{"Stars":[{"exists":true},{"exists":true},{"exists":true},{"exists":true},{"exists":true},{"exists":false},{"exists":true}],"Cannon":{"exists":true,"StarRequirement":"0","Requirements":["Vanish Cap"],"ConditionalRequirements":[]}},"Course 5":{"Stars":[{"exists":true},{"exists":true},{"exists":true},{"exists":true},{"exists":true},{"exists":true},{"exists":true}],"Cannon":{"exists":false}},"Course 6":{"Stars":[{"exists":true},{"exists":true},{"exists":true},{"exists":true},{"exists":true},{"exists":false},{"exists":true}],"Cannon":{"exists":true,"StarRequirement":"0","Requirements":["Vanish Cap"],"ConditionalRequirements":[]},"StarRequirement":"10","Requirements":["Key 1"],"ConditionalRequirements":[]},"Course 7":{"Stars":[{"exists":true},{"exists":true},{"exists":true},{"exists":true},{"exists":false},{"exists":false},{"exists":true}],"Cannon":{"exists":false},"StarRequirement":"10","Requirements":["Key 1"],"ConditionalRequirements":[]},"Course 8":{"Stars":[{"exists":true},{"exists":true},{"exists":true},{"exists":true},{"exists":false},{"exists":false},{"exists":true}],"Cannon":{"exists":false},"StarRequirement":"10","Requirements":["Key 1"],"ConditionalRequirements":[]},"Course 9":{"Stars":[{"exists":true},{"exists":true},{"exists":true},{"exists":true},{"exists":true},{"exists":true},{"exists":true}],"Cannon":{"exists":true,"StarRequirement":"0","Requirements":["Vanish Cap"],"ConditionalRequirements":[]},"StarRequirement":"10","Requirements":["Key 1"],"ConditionalRequirements":[]},"Course 10":{"Stars":[{"exists":true},{"exists":true},{"exists":true},{"exists":true},{"exists":true},{"exists":false},{"exists":true}],"Cannon":{"exists":false},"StarRequirement":"10","Requirements":["Key 1"],"ConditionalRequirements":[]},"Course 11":{"Stars":[{"exists":true},{"exists":true},{"exists":true},{"exists":false},{"exists":false},{"exists":false},{"exists":true}],"Cannon":{"exists":true,"StarRequirement":"0","Requirements":["Vanish Cap"],"ConditionalRequirements":[]},"StarRequirement":"25","Requirements":["Key 2"],"ConditionalRequirements":[]},"Course 12":{"Stars":[{"exists":true},{"exists":true},{"exists":true},{"exists":true},{"exists":true},{"exists":false},{"exists":true}],"Cannon":{"exists":false},"StarRequirement":"25","Requirements":["Key 2"],"ConditionalRequirements":[]},"Course 13":{"Stars":[{"exists":true},{"exists":true},{"exists":true},{"exists":true},{"exists":true},{"exists":false},{"exists":true}],"Cannon":{"exists":false},"StarRequirement":"25","Requirements":["Key 2"],"ConditionalRequirements":[]},"Course 14":{"Stars":[{"exists":true},{"exists":true},{"exists":true},{"exists":true},{"exists":false},{"exists":false},{"exists":true}],"Cannon":{"exists":true,"StarRequirement":"0","Requirements":["Vanish Cap"],"ConditionalRequirements":[]},"StarRequirement":"50","Requirements":["Key 2"],"ConditionalRequirements":[]},"Course 15":{"Stars":[{"exists":true},{"exists":true},{"exists":true},{"exists":true},{"exists":true},{"exists":false},{"exists":true}],"Cannon":{"exists":false},"StarRequirement":"75","Requirements":["Wing Cap"],"ConditionalRequirements":[]},"Bowser 1":{"Stars":[{"exists":true},{"exists":false},{"exists":false},{"exists":false},{"exists":false},{"exists":false},{"exists":false}],"Cannon":{"exists":false},"StarRequirement":"10","Requirements":[],"ConditionalRequirements":[]},"Bowser 2":{"Stars":[{"exists":true},{"exists":false},{"exists":false},{"exists":false},{"exists":false},{"exists":false},{"exists":false}],"Cannon":{"exists":false},"StarRequirement":"25","Requirements":["Key 1","Course 6 Cannon"],"ConditionalRequirements":[]},"Bowser 3":{"Stars":[{"exists":true},{"exists":false},{"exists":false},{"exists":false},{"exists":false},{"exists":false},{"exists":false}],"Cannon":{"exists":false},"StarRequirement":"90","Requirements":[],"ConditionalRequirements":[]},"Slide":{"Stars":[{"exists":false},{"exists":false},{"exists":false},{"exists":false},{"exists":false},{"exists":false},{"exists":false}],"Cannon":{"exists":false}},"Secret 1":{"Stars":[{"exists":true},{"exists":false},{"exists":false},{"exists":false},{"exists":false},{"exists":false},{"exists":false}],"Cannon":{"exists":false},"StarRequirement":"90","Requirements":[],"ConditionalRequirements":[]},"Secret 2":{"Stars":[{"exists":false},{"exists":false},{"exists":true},{"exists":false},{"exists":false},{"exists":false},{"exists":false}],"Cannon":{"exists":false},"StarRequirement":"60","Requirements":[],"ConditionalRequirements":[]},"Secret 3":{"Stars":[{"exists":true},{"exists":false},{"exists":false},{"exists":false},{"exists":false},{"exists":false},{"exists":false}],"Cannon":{"exists":true,"StarRequirement":"0","Requirements":[],"ConditionalRequirements":[]},"StarRequirement":"60","Requirements":[],"ConditionalRequirements":[]},"Metal Cap":{"Stars":[{"exists":true},{"exists":false},{"exists":false},{"exists":false},{"exists":false},{"exists":false},{"exists":false}],"Cannon":{"exists":false},"StarRequirement":"75","Requirements":[],"ConditionalRequirements":[]},"Wing Cap":{"Stars":[{"exists":true},{"exists":false},{"exists":false},{"exists":false},{"exists":false},{"exists":false},{"exists":false}],"Cannon":{"exists":false},"StarRequirement":"90","Requirements":[],"ConditionalRequirements":[]},"Vanish Cap":{"Stars":[{"exists":true},{"exists":true,"StarRequirement":"10","Requirements":[],"ConditionalRequirements":[]},{"exists":false},{"exists":false},{"exists":false},{"exists":false},{"exists":false}],"Cannon":{"exists":true,"StarRequirement":"0","Requirements":["Vanish Cap"],"ConditionalRequirements":[]}},"Overworld":{"Stars":[{"exists":false},{"exists":true,"StarRequirement":"25","Requirements":[],"ConditionalRequirements":[]},{"exists":false},{"exists":true,"StarRequirement":"15","Requirements":[],"ConditionalRequirements":[]},{"exists":true,"StarRequirement":"50","Requirements":[],"ConditionalRequirements":[]},{"exists":false},{"exists":false}],"Cannon":{"exists":false}},"Other":{"Stars":[{"exists":true,"StarRequirement":"10","Requirements":[],"ConditionalRequirements":[]},{"exists":true,"StarRequirement":"25","Requirements":["Key 1","Course 6 Cannon"],"ConditionalRequirements":[]},{"exists":true,"StarRequirement":"60","Requirements":[],"ConditionalRequirements":[]},{"exists":true,"StarRequirement":"10","Requirements":["Key 1"],"ConditionalRequirements":[]},{"exists":true,"StarRequirement":"0","Requirements":[],"ConditionalRequirements":[]},{"exists":false},{"exists":true,"StarRequirement":"50","Requirements":["Key 2","Course 14 Cannon"],"ConditionalRequirements":[]}],"Settings":["cannons","cannons","cannons","cannons","cannons","cannons","cannons","cannons","cannons","cannons","cannons","cannons","cannons","cannons","cannons","cannons","cannons","cannons","cannons","cannons","cannons","cannons","cannons","cannons","cannons"]}}